ts,releases,queued,failed,sbom_components
22:53:12,0,0,0,0
22:53:43,350,350,0,0
22:54:14,754,688,0,2032
22:54:44,1148,916,0,3001
22:55:15,1545,1255,0,3091
22:55:46,1930,1626,0,3108
22:56:17,2277,1971,0,3110
22:56:48,2601,2293,0,3113
22:57:18,2901,2592,0,3114
22:57:49,3183,2872,0,3116
22:58:20,3455,3143,0,3117
22:58:51,3712,3399,0,3119
22:59:22,3953,3638,0,3121
22:59:52,4186,3870,0,3122
23:00:23,4410,4093,0,3123
23:00:54,4625,4307,0,3124
23:01:25,4836,4517,0,3125
23:01:56,5042,4722,0,3126
23:02:26,5242,4921,0,3127
23:02:57,5434,5111,0,3129
23:03:28,5625,5302,0,3130
23:03:59,5811,5486,0,3131
23:04:29,5989,5664,0,3131
23:05:00,6166,5839,0,3133
23:05:31,6338,6011,0,3134
23:06:02,6511,6183,0,3134
23:06:33,6680,6351,0,3135
23:07:03,6843,6513,0,3136
23:07:34,7004,6673,0,3137
23:08:05,7162,6830,0,3139
23:08:36,7317,6984,0,3140
23:09:07,7470,7137,0,3140
23:09:37,7621,7286,0,3142
23:10:08,7756,7421,0,3142
23:10:39,7902,7566,0,3143
23:11:10,8050,7714,0,3144
23:11:40,8190,7853,0,3144
23:12:11,8327,7989,0,3145
23:12:42,8471,8132,0,3146
23:13:13,8611,8272,0,3146
23:13:44,8751,8411,0,3147
23:14:14,8888,8547,0,3148
23:14:45,9022,8681,0,3148
23:15:16,9151,8809,0,3150
23:15:47,9279,8936,0,3151
23:16:17,9407,9064,0,3151
23:16:48,9535,9191,0,3152
23:17:19,9662,9318,0,3152
23:17:50,9782,9437,0,3153
23:18:21,9912,9566,0,3154
23:18:51,10031,9684,0,3156
23:19:22,10153,9806,0,3156
23:19:53,10271,9923,0,3157
23:20:24,10392,10043,0,3158
23:20:55,10505,10155,0,3159
23:21:25,10623,10273,0,3159
23:21:56,10742,10391,0,3160
23:22:27,10854,10503,0,3160
23:22:58,10969,10617,0,3161
23:23:29,11078,10725,0,3162
23:23:59,11190,10837,0,3162
23:24:30,11302,10948,0,3163
23:25:01,11413,11058,0,3164
23:25:32,11523,11168,0,3165
23:26:02,11630,11274,0,3165
23:26:33,11738,11381,0,3166
23:27:04,11842,11485,0,3166
23:27:35,11950,11592,0,3167
23:28:06,12056,11697,0,3168
23:28:36,12160,11801,0,3168
23:29:07,12263,11903,0,3169
23:29:38,12368,12008,0,3169
23:30:09,12462,12101,0,3170
23:30:40,12561,12200,0,3170
23:31:11,12661,12299,0,3171
23:31:41,12763,12401,0,3171
23:32:12,12861,12498,0,3172
23:32:43,12962,12599,0,3172
23:33:14,13060,12696,0,3173
23:33:45,13158,12794,0,3173
23:34:15,13256,12891,0,3174
23:34:46,13351,12986,0,3174
23:35:17,13446,13080,0,3175
23:35:48,13544,13178,0,3176
23:36:18,13639,13272,0,3176
23:36:49,13733,13366,0,3176
23:37:20,13833,13465,0,3177
23:37:51,13925,13557,0,3177
23:38:22,14021,13652,0,3179
23:38:52,14113,13744,0,3179
23:39:23,14207,13837,0,3180
23:39:54,14297,13927,0,3180
23:40:25,14392,14021,0,3181
23:40:56,14482,14111,0,3181
23:41:26,14575,14203,0,3182
23:41:57,14665,14293,0,3182
23:42:28,14757,14384,0,3183
23:42:59,14845,14472,0,3183
23:43:30,14935,14561,0,3184
23:44:00,15021,14647,0,3184
23:44:31,15108,14733,0,3185
23:45:02,15196,14821,0,3185
23:45:33,15280,14904,0,3186
23:46:04,15366,14990,0,3186
23:46:34,15451,15074,0,3187
23:47:05,15538,15161,0,3187
23:47:36,15622,15244,0,3188
23:48:07,15700,15322,0,3188
23:48:38,15785,15407,0,3188
23:49:08,15867,15488,0,3189
23:49:39,15949,15570,0,3189
23:50:10,16024,15644,0,3190
23:50:41,16104,15724,0,3190
23:51:12,16188,15808,0,3190
23:51:42,16268,15887,0,3191
23:52:13,16349,15968,0,3191
23:52:44,16430,16048,0,3192
23:53:15,16509,16127,0,3192
23:53:46,16590,16207,0,3193
23:54:16,16674,16291,0,3193
23:54:47,16752,16368,0,3194
23:55:18,16830,16446,0,3194
23:55:49,16910,16526,0,3194
23:56:20,16989,16604,0,3195
23:56:50,17067,16682,0,3195
23:57:21,17143,16758,0,3195
23:57:52,17222,16836,0,3196
23:58:23,17300,16914,0,3196
23:58:54,17376,16989,0,3197
23:59:24,17450,17063,0,3197
23:59:55,17529,17142,0,3197
00:00:26,17601,17213,0,3198
00:00:57,17678,17290,0,3198
00:01:28,17754,17365,0,3199
00:01:58,17830,17441,0,3199
00:02:29,17906,17516,0,3200
00:03:00,17981,17591,0,3200
00:03:31,18055,17665,0,3200
00:04:02,18130,17739,0,3201
00:04:32,18203,17812,0,3201
00:05:03,18277,17886,0,3201
00:05:34,18352,17960,0,3202
00:06:05,18423,18031,0,3202
00:06:36,18499,18107,0,3202
00:07:06,18573,18180,0,3203
00:07:37,18644,18251,0,3203
00:08:08,18718,18325,0,3203
00:08:39,18791,18397,0,3205
00:09:10,18862,18468,0,3205
00:09:40,18934,18540,0,3205
00:10:11,18998,18603,0,3206
00:10:42,19071,18676,0,3206
00:11:13,19142,18746,0,3207
00:11:44,19212,18816,0,3207
00:12:14,19284,18887,0,3208
00:12:45,19352,18955,0,3208
00:13:16,19425,19027,0,3209
00:13:47,19496,19098,0,3209
00:14:18,19566,19167,0,3210
00:14:48,19637,19237,0,3211
00:15:19,19702,19300,0,3213
00:15:50,19772,19368,0,3215
00:16:21,19837,19418,0,3230
00:16:52,19894,19435,0,3270
00:17:23,19952,19452,0,3311
00:17:53,20003,19465,0,3350
00:18:24,20016,19421,0,3407
00:18:55,20016,19361,0,3467
00:19:26,20016,19301,0,3527
00:19:57,20016,19249,0,3579
00:20:27,20016,19190,0,3638
00:20:58,20016,19131,0,3697
00:21:29,20016,19072,0,3756
00:22:00,20016,19016,0,3811
00:22:31,20016,18949,0,3879
00:23:01,20016,18882,0,3946
00:23:32,20016,18816,0,4012
00:24:03,20016,18757,0,4071
00:24:34,20016,18693,0,4135
00:25:05,20016,18627,0,4201
00:25:35,20016,18562,0,4266
00:26:06,20016,18507,0,4321
00:26:37,20016,18443,0,4385
00:27:08,20016,18380,0,4448
00:27:39,20016,18317,0,4511
00:28:09,20016,18262,0,4566
00:28:40,20016,18200,0,4628
00:29:11,20016,18139,0,4689
00:29:42,20016,18078,0,4750
00:30:12,20016,18019,0,4808
00:30:43,20016,17967,0,4861
00:31:14,20016,17905,0,4923
00:31:45,20016,17845,0,4982
00:32:15,20016,17785,0,5043
00:32:46,20016,17732,0,5096
00:33:17,20016,17674,0,5154
00:33:48,20016,17616,0,5212
00:34:18,20016,17558,0,5270
00:34:49,20016,17507,0,5321
00:35:20,20016,17450,0,5378
00:35:51,20016,17393,0,5434
00:36:22,20016,17337,0,5491
00:36:52,20016,17281,0,5547
00:37:23,20016,17235,0,5593
00:37:54,20016,17186,0,5642
00:38:25,20016,17131,0,5697
00:38:55,20016,17076,0,5752
00:39:26,20016,17021,0,5806
00:39:57,20016,16974,0,5854
00:40:28,20016,16922,0,5906
00:40:58,20016,16869,0,5959
00:41:29,20016,16809,0,6019
00:42:00,20016,16756,0,6072
00:42:31,20016,16696,0,6132
00:43:02,20016,16636,0,6192
00:43:32,20016,16578,0,6249
00:44:03,20016,16519,0,6309
00:44:34,20016,16468,0,6360
00:45:05,20016,16411,0,6417
00:45:35,20016,16353,0,6475
00:46:06,20016,16296,0,6532
00:46:37,20016,16246,0,6582
00:47:08,20016,16189,0,6639
00:47:38,20016,16132,0,6696
00:48:09,20016,16076,0,6752
00:48:40,20016,16032,0,6796
00:49:11,20016,15982,0,6845
00:49:41,20016,15927,0,6901
00:50:12,20016,15874,0,6954
00:50:43,20016,15818,0,7010
00:51:14,20016,15766,0,7061
00:51:44,20016,15715,0,7113
00:52:15,20016,15661,0,7167
00:52:46,20016,15606,0,7222
00:53:17,20016,15552,0,7276
00:53:48,20016,15506,0,7322
00:54:18,20016,15453,0,7375
00:54:49,20016,15399,0,7429
00:55:20,20016,15346,0,7481
00:55:51,20016,15294,0,7533
00:56:21,20016,15249,0,7579
00:56:52,20016,15198,0,7630
00:57:23,20016,15152,0,7676
00:57:54,20016,15110,0,7718
00:58:25,20016,15061,0,7767
00:58:55,20016,15016,0,7811
00:59:26,20016,14968,0,7860
00:59:57,20016,14919,0,7909
01:00:28,20016,14871,0,7957
01:00:58,20016,14823,0,8005
01:01:29,20016,14775,0,8053
01:02:00,20016,14734,0,8094
01:02:31,20016,14686,0,8142
01:03:01,20016,14640,0,8187
01:03:32,20016,14594,0,8234
01:04:03,20016,14547,0,8281
01:04:34,20016,14505,0,8322
01:05:05,20016,14458,0,8369
01:05:35,20016,14412,0,8416
01:06:06,20016,14366,0,8462
01:06:37,20016,14321,0,8507
01:07:08,20016,14275,0,8553
01:07:38,20016,14235,0,8593
01:08:09,20016,14190,0,8638
01:08:40,20016,14145,0,8683
01:09:11,20016,14100,0,8728
01:09:41,20016,14055,0,8773
01:10:12,20016,14016,0,8811
01:10:43,20016,13974,0,8854
01:11:14,20016,13930,0,8898
01:11:44,20016,13886,0,8942
01:12:15,20016,13842,0,8986
01:12:46,20016,13798,0,9030
01:13:17,20016,13761,0,9067
01:13:47,20016,13718,0,9109
01:14:18,20016,13675,0,9152
01:14:49,20016,13632,0,9196
01:15:20,20016,13589,0,9239
01:15:51,20016,13546,0,9281
01:16:21,20016,13509,0,9319
01:16:52,20016,13466,0,9361
01:17:23,20016,13427,0,9401
01:17:54,20016,13389,0,9438
01:18:25,20016,13347,0,9480
01:18:55,20016,13304,0,9523
01:19:26,20016,13266,0,9562
01:19:57,20016,13224,0,9604
01:20:28,20016,13181,0,9646
01:20:58,20016,13139,0,9688
01:21:29,20016,13097,0,9731
01:22:00,20016,13055,0,9772
01:22:31,20016,13016,0,9811
01:23:01,20016,12976,0,9852
01:23:32,20016,12934,0,9894
01:24:03,20016,12892,0,9936
01:24:34,20016,12851,0,9977
01:25:05,20016,12810,0,10018
01:25:35,20016,12768,0,10059
01:26:06,20016,12731,0,10096
01:26:37,20016,12690,0,10138
01:27:08,20016,12650,0,10177
01:27:38,20016,12610,0,10218
01:28:09,20016,12570,0,10258
01:28:40,20016,12530,0,10298
01:29:11,20016,12494,0,10334
01:29:41,20016,12455,0,10373
01:30:12,20016,12416,0,10411
01:30:43,20016,12377,0,10451
01:31:14,20016,12337,0,10491
01:31:44,20016,12298,0,10530
01:32:15,20016,12262,0,10565
01:32:46,20016,12223,0,10605
01:33:17,20016,12184,0,10644
01:33:48,20016,12145,0,10682
01:34:18,20016,12106,0,10722
01:34:49,20016,12066,0,10761
01:35:20,20016,12027,0,10801
01:35:51,20016,11992,0,10835
01:36:21,20016,11954,0,10873
01:36:52,20016,11916,0,10912
01:37:23,20016,11880,0,10948
01:37:54,20016,11846,0,10982
01:38:24,20016,11808,0,11019
01:38:55,20016,11770,0,11058
01:39:26,20016,11735,0,11093
01:39:57,20016,11697,0,11131
01:40:28,20016,11659,0,11169
01:40:58,20016,11621,0,11207
01:41:29,20016,11583,0,11245
01:42:00,20016,11546,0,11282
01:42:31,20016,11512,0,11315
01:43:01,20016,11475,0,11353
01:43:32,20016,11438,0,11390
01:44:03,20016,11401,0,11427
01:44:34,20016,11361,0,11466
01:45:05,20016,11322,0,11506
01:45:35,20016,11284,0,11544
01:46:06,20016,11251,0,11576
01:46:37,20016,11214,0,11614
01:47:08,20016,11174,0,11654
01:47:38,20016,11134,0,11694
01:48:09,20016,11095,0,11732
01:48:40,20016,11056,0,11771
01:49:11,20016,11021,0,11807
01:49:41,20016,10985,0,11842
01:50:12,20016,10948,0,11879
01:50:43,20016,10909,0,11918
01:51:14,20016,10870,0,11957
01:51:44,20016,10832,0,11996
01:52:15,20016,10794,0,12034
01:52:46,20016,10759,0,12068
01:53:17,20016,10721,0,12107
01:53:48,20016,10682,0,12145
01:54:18,20016,10644,0,12184
01:54:49,20016,10605,0,12222
01:55:20,20016,10567,0,12260
01:55:51,20016,10529,0,12299
01:56:21,20016,10495,0,12333
01:56:52,20016,10457,0,12371
01:57:23,20016,10422,0,12405
01:57:54,20016,10390,0,12438
01:58:25,20016,10353,0,12474
01:58:55,20016,10316,0,12512
01:59:26,20016,10278,0,12549
01:59:57,20016,10245,0,12583
02:00:28,20016,10208,0,12620
02:00:58,20016,10171,0,12656
02:01:29,20016,10134,0,12693
02:02:00,20016,10097,0,12731
02:02:31,20016,10060,0,12768
02:03:01,20016,10023,0,12805
02:03:32,20016,9990,0,12838
02:04:03,20016,9953,0,12874
02:04:34,20016,9917,0,12911
02:05:04,20016,9881,0,12947
02:05:35,20016,9844,0,12983
02:06:06,20016,9809,0,13019
02:06:37,20016,9773,0,13054
02:07:08,20016,9741,0,13087
02:07:38,20016,9705,0,13123
02:08:09,20016,9669,0,13159
02:08:40,20016,9633,0,13195
02:09:11,20016,9597,0,13230
02:09:41,20016,9562,0,13266
02:10:12,20016,9528,0,13300
02:10:43,20016,9496,0,13331
02:11:14,20016,9461,0,13367
02:11:45,20016,9425,0,13402
02:12:15,20016,9390,0,13438
02:12:46,20016,9355,0,13473
02:13:17,20016,9320,0,13508
02:13:48,20016,9285,0,13543
02:14:18,20016,9254,0,13573
02:14:49,20016,9220,0,13608
02:15:20,20016,9186,0,13642
02:15:51,20016,9151,0,13676
02:16:21,20016,9116,0,13711
02:16:52,20016,9082,0,13746
02:17:23,20016,9051,0,13777
02:17:54,20016,9021,0,13806
02:18:24,20016,8992,0,13836
02:18:55,20016,8959,0,13869
02:19:26,20016,8924,0,13903
02:19:57,20016,8891,0,13936
02:20:28,20016,8858,0,13969
02:20:58,20016,8825,0,14003
02:21:29,20016,8791,0,14036
02:22:00,20016,8762,0,14065
02:22:31,20016,8729,0,14099
02:23:01,20016,8696,0,14132
02:23:32,20016,8664,0,14164
02:24:03,20016,8631,0,14197
02:24:34,20016,8598,0,14229
02:25:04,20016,8565,0,14262
02:25:35,20016,8533,0,14295
02:26:06,20016,8504,0,14323
02:26:37,20016,8472,0,14355
02:27:07,20016,8440,0,14387
02:27:38,20016,8408,0,14419
02:28:09,20016,8375,0,14452
02:28:40,20016,8343,0,14484
02:29:10,20016,8311,0,14517
02:29:41,20016,8279,0,14549
02:30:12,20016,8252,0,14576
02:30:43,20016,8220,0,14608
02:31:13,20016,8188,0,14639
02:31:44,20016,8156,0,14671
02:32:15,20016,8124,0,14703
02:32:46,20016,8092,0,14735
02:33:17,20016,8061,0,14767
02:33:47,20016,8029,0,14798
02:34:18,20016,8001,0,14826
02:34:49,20016,7969,0,14858
02:35:20,20016,7938,0,14890
02:35:50,20016,7907,0,14921
02:36:21,20016,7876,0,14952
02:36:52,20016,7845,0,14983
02:37:23,20016,7816,0,15011
02:37:54,20016,7789,0,15039
02:38:24,20016,7762,0,15066
02:38:55,20016,7731,0,15097
02:39:26,20016,7700,0,15128
02:39:57,20016,7669,0,15159
02:40:27,20016,7638,0,15190
02:40:58,20016,7607,0,15221
02:41:29,20016,7576,0,15252
02:42:00,20016,7545,0,15283
02:42:31,20016,7516,0,15311
02:43:01,20016,7487,0,15340
02:43:32,20016,7456,0,15372
02:44:03,20016,7425,0,15402
02:44:34,20016,7395,0,15433
02:45:04,20016,7364,0,15463
02:45:35,20016,7334,0,15494
02:46:06,20016,7303,0,15524
02:46:37,20016,7273,0,15554
02:47:07,20016,7246,0,15581
02:47:38,20016,7216,0,15611
02:48:09,20016,7186,0,15642
02:48:40,20016,7156,0,15671
02:49:10,20016,7126,0,15702
02:49:41,20016,7099,0,15729
02:50:12,20016,7070,0,15758
02:50:43,20016,7040,0,15788
02:51:14,20016,7013,0,15815
02:51:44,20016,6983,0,15845
02:52:15,20016,6953,0,15875
02:52:46,20016,6923,0,15905
02:53:17,20016,6893,0,15934
02:53:47,20016,6864,0,15964
02:54:18,20016,6834,0,15993
02:54:49,20016,6804,0,16023
02:55:20,20016,6775,0,16052
02:55:50,20016,6749,0,16079
02:56:21,20016,6719,0,16109
02:56:52,20016,6689,0,16138
02:57:23,20016,6661,0,16166
02:57:54,20016,6635,0,16192
02:58:24,20016,6607,0,16221
02:58:55,20016,6578,0,16250
02:59:26,20016,6548,0,16279
02:59:57,20016,6519,0,16308
03:00:27,20016,6493,0,16335
03:00:58,20016,6464,0,16364
03:01:29,20016,6434,0,16393
03:02:00,20016,6405,0,16422
03:02:30,20016,6375,0,16452
03:03:01,20016,6344,0,16483
03:03:32,20016,6314,0,16514
03:04:03,20016,6283,0,16544
03:04:33,20016,6256,0,16572
03:05:04,20016,6225,0,16602
03:05:35,20016,6195,0,16633
03:06:06,20016,6164,0,16663
03:06:36,20016,6134,0,16693
03:07:07,20016,6104,0,16724
03:07:38,20016,6074,0,16753
03:08:09,20016,6044,0,16783
03:08:39,20016,6016,0,16811
03:09:10,20016,5988,0,16840
03:09:41,20016,5958,0,16870
03:10:12,20016,5929,0,16898
03:10:42,20016,5899,0,16928
03:11:13,20016,5870,0,16958
03:11:44,20016,5840,0,16987
03:12:15,20016,5810,0,17017
03:12:45,20016,5781,0,17047
03:13:16,20016,5754,0,17073
03:13:47,20016,5725,0,17102
03:14:18,20016,5696,0,17132
03:14:49,20016,5666,0,17161
03:15:19,20016,5638,0,17190
03:15:50,20016,5608,0,17219
03:16:21,20016,5579,0,17249
03:16:52,20016,5550,0,17278
03:17:22,20016,5523,0,17305
03:17:53,20016,5500,0,17327
03:18:24,20016,5472,0,17356
03:18:55,20016,5442,0,17385
03:19:26,20016,5413,0,17414
03:19:56,20016,5384,0,17443
03:20:27,20016,5356,0,17472
03:20:58,20016,5327,0,17500
03:21:29,20016,5298,0,17529
03:21:59,20016,5270,0,17558
03:22:30,20016,5244,0,17584
03:23:01,20016,5215,0,17613
03:23:32,20016,5186,0,17641
03:24:02,20016,5157,0,17670
03:24:33,20016,5128,0,17699
03:25:04,20016,5100,0,17727
03:25:35,20016,5072,0,17756
03:26:06,20016,5044,0,17784
03:26:36,20016,5016,0,17811
03:27:07,20016,4990,0,17838
03:27:38,20016,4961,0,17866
03:28:09,20016,4933,0,17895
03:28:39,20016,4904,0,17923
03:29:10,20016,4876,0,17951
03:29:41,20016,4847,0,17980
03:30:12,20016,4820,0,18007
03:30:42,20016,4792,0,18035
03:31:13,20016,4766,0,18061
03:31:44,20016,4739,0,18088
03:32:15,20016,4711,0,18116
03:32:46,20016,4683,0,18145
03:33:16,20016,4655,0,18173
03:33:47,20016,4626,0,18201
03:34:18,20016,4598,0,18229
03:34:48,20016,4570,0,18257
03:35:19,20016,4543,0,18285
03:35:50,20016,4518,0,18310
03:36:21,20016,4495,0,18333
03:36:52,20016,4467,0,18360
03:37:22,20016,4441,0,18386
03:37:53,20016,4418,0,18410
03:38:24,20016,4391,0,18436
03:38:55,20016,4363,0,18464
03:39:26,20016,4336,0,18492
03:39:56,20016,4308,0,18519
03:40:27,20016,4281,0,18547
03:40:58,20016,4256,0,18571
03:41:29,20016,4229,0,18599
03:41:59,20016,4201,0,18626
03:42:30,20016,4175,0,18653
03:43:01,20016,4147,0,18680
03:43:32,20016,4120,0,18707
03:44:02,20016,4093,0,18735
03:44:33,20016,4065,0,18762
03:45:04,20016,4038,0,18789
03:45:35,20016,4014,0,18813
03:46:05,20016,3987,0,18841
03:46:36,20016,3959,0,18868
03:47:07,20016,3932,0,18895
03:47:38,20016,3905,0,18922
03:48:08,20016,3878,0,18949
03:48:39,20016,3851,0,18977
03:49:10,20016,3824,0,19004
03:49:41,20016,3797,0,19030
03:50:11,20016,3773,0,19054
03:50:42,20016,3749,0,19078
03:51:13,20016,3723,0,19105
03:51:44,20016,3696,0,19131
03:52:15,20016,3669,0,19158
03:52:45,20016,3643,0,19184
03:53:16,20016,3617,0,19211
03:53:47,20016,3590,0,19237
03:54:18,20016,3563,0,19264
03:54:48,20016,3537,0,19291
03:55:19,20016,3513,0,19314
03:55:50,20016,3487,0,19340
03:56:21,20016,3462,0,19366
03:56:51,20016,3435,0,19392
03:57:22,20016,3411,0,19417
03:57:53,20016,3387,0,19440
03:58:24,20016,3362,0,19465
03:58:54,20016,3336,0,19492
03:59:25,20016,3310,0,19518
03:59:56,20016,3283,0,19544
04:00:27,20016,3260,0,19567
04:00:57,20016,3234,0,19593
04:01:28,20016,3208,0,19619
04:01:59,20016,3182,0,19646
04:02:30,20016,3156,0,19672
04:03:01,20016,3130,0,19698
04:03:31,20016,3104,0,19724
04:04:02,20016,3078,0,19749
04:04:33,20016,3053,0,19775
04:05:04,20016,3027,0,19800
04:05:34,20016,3004,0,19823
04:06:05,20016,2979,0,19849
04:06:36,20016,2953,0,19874
04:07:07,20016,2927,0,19900
04:07:37,20016,2902,0,19925
04:08:08,20016,2877,0,19950
04:08:39,20016,2851,0,19976
04:09:10,20016,2826,0,20001
04:09:40,20016,2801,0,20027
04:10:11,20016,2776,0,20052
04:10:42,20016,2753,0,20074
04:11:13,20016,2728,0,20099
04:11:43,20016,2703,0,20124
04:12:14,20016,2678,0,20149
04:12:45,20016,2653,0,20174
04:13:16,20016,2629,0,20198
04:13:47,20016,2605,0,20223
04:14:17,20016,2580,0,20248
04:14:48,20016,2555,0,20272
04:15:19,20016,2530,0,20297
04:15:50,20016,2508,0,20319
04:16:20,20016,2484,0,20344
04:16:51,20016,2459,0,20369
04:17:22,20016,2436,0,20391
04:17:53,20016,2414,0,20414
04:18:24,20016,2390,0,20437
04:18:54,20016,2365,0,20462
04:19:25,20016,2340,0,20487
04:19:56,20016,2316,0,20512
04:20:27,20016,2291,0,20536
04:20:57,20016,2267,0,20560
04:21:28,20016,2246,0,20582
04:21:59,20016,2221,0,20606
04:22:30,20016,2197,0,20630
04:23:01,20016,2173,0,20655
04:23:31,20016,2148,0,20679
04:24:02,20016,2124,0,20704
04:24:33,20016,2099,0,20728
04:25:04,20016,2075,0,20753
04:25:34,20016,2050,0,20777
04:26:05,20016,2026,0,20801
04:26:36,20016,2004,0,20823
04:27:07,20016,1980,0,20847
04:27:37,20016,1955,0,20872
04:28:08,20016,1931,0,20896
04:28:39,20016,1907,0,20920
04:29:10,20016,1883,0,20944
04:29:40,20016,1859,0,20969
04:30:11,20016,1834,0,20993
04:30:42,20016,1809,0,21018
04:31:13,20016,1784,0,21043
04:31:43,20016,1762,0,21066
04:32:14,20016,1737,0,21091
04:32:45,20016,1712,0,21115
04:33:16,20016,1687,0,21140
04:33:47,20016,1662,0,21165
04:34:17,20016,1638,0,21190
04:34:48,20016,1613,0,21214
04:35:19,20016,1588,0,21239
04:35:50,20016,1564,0,21264
04:36:20,20016,1540,0,21287
04:36:51,20016,1516,0,21311
04:37:22,20016,1495,0,21332
04:37:53,20016,1474,0,21354
04:38:23,20016,1450,0,21378
04:38:54,20016,1425,0,21402
04:39:25,20016,1401,0,21427
04:39:56,20016,1376,0,21451
04:40:26,20016,1352,0,21476
04:40:57,20016,1328,0,21500
04:41:28,20016,1304,0,21524
04:41:59,20016,1279,0,21548
04:42:29,20016,1258,0,21569
04:43:00,20016,1234,0,21593
04:43:31,20016,1210,0,21617
04:44:02,20016,1186,0,21641
04:44:32,20016,1162,0,21665
04:45:03,20016,1138,0,21689
04:45:34,20016,1114,0,21713
04:46:05,20016,1090,0,21737
04:46:36,20016,1066,0,21761
04:47:06,20016,1045,0,21783
04:47:37,20016,1022,0,21806
04:48:08,20016,1001,0,21827
04:48:39,20016,977,0,21850
04:49:09,20016,953,0,21874
04:49:40,20016,930,0,21898
04:50:11,20016,906,0,21921
04:50:42,20016,884,0,21943
04:51:12,20016,861,0,21966
04:51:43,20016,838,0,21990
04:52:14,20016,814,0,22013
04:52:45,20016,791,0,22037
04:53:15,20016,767,0,22060
04:53:46,20016,747,0,22081
04:54:17,20016,723,0,22104
04:54:48,20016,700,0,22128
04:55:18,20016,677,0,22151
04:55:49,20016,654,0,22174
04:56:20,20016,630,0,22197
04:56:51,20016,607,0,22220
04:57:21,20016,585,0,22242
04:57:52,20016,564,0,22263
04:58:23,20016,542,0,22286
04:58:54,20016,519,0,22309
04:59:25,20016,498,0,22329
04:59:55,20016,475,0,22352
05:00:26,20016,453,0,22375
05:00:57,20016,430,0,22397
05:01:28,20016,407,0,22420
05:01:58,20016,384,0,22443
05:02:29,20016,361,0,22467
05:03:00,20016,338,0,22489
05:03:31,20016,315,0,22512
05:04:01,20016,293,0,22535
05:04:32,20016,270,0,22558
05:05:03,20016,250,0,22578
05:05:34,20016,227,0,22601
05:06:04,20016,204,0,22623
05:06:35,20016,182,0,22646
05:07:06,20016,159,0,22668
05:07:37,20016,138,0,22690
05:08:08,20016,115,0,22712
05:08:38,20016,93,0,22735
05:09:09,20016,70,0,22757
05:09:40,20016,48,0,22779
05:10:11,20016,27,0,22801
05:10:41,20016,7,0,22821
05:11:12,20016,0,0,22827
