ts,releases,queued,failed,sbom_components,backend_cpu_m,backend_mem_mi,registry_cpu_m
02:06:36,0,0,0,0,9,11374,1
02:07:36,160,160,0,0,80,11378,2070
02:08:37,361,361,0,0,73,11380,2092
02:09:37,566,564,0,100,56,11386,2115
02:10:38,756,753,0,149,56,11373,2132
02:11:39,958,955,0,196,48,10020,2113
02:12:39,1160,1156,0,196,53,8395,2083
02:13:40,1362,1356,0,294,51,6771,2112
02:14:40,1565,1558,0,340,45,6232,2103
02:15:41,1765,1757,0,383,64,6233,2127
02:16:42,1967,1958,0,427,49,6235,2060
02:17:42,2168,2158,0,471,47,6238,2097
02:18:43,2371,2360,0,515,46,6241,2100
02:19:43,2574,2562,0,556,51,5700,2117
02:20:44,2773,2760,0,598,135,4889,2115
02:21:44,2976,2962,0,639,45,4168,2121
02:22:45,3178,3163,0,678,46,3759,2087
02:23:46,3380,3364,0,721,41,3763,2084
02:24:46,3582,3565,0,763,46,3765,2076
02:25:47,3783,3764,0,848,52,3766,2126
02:26:47,3985,3965,0,880,45,3769,2108
02:27:48,4187,4166,0,918,44,3589,2130
02:28:49,4389,4367,0,953,107,3232,2157
02:29:49,4588,4565,0,988,41,2962,2157
02:30:50,4784,4760,0,1018,61,2603,2086
02:31:50,4988,4963,0,1051,64,2605,2113
02:32:51,5185,5159,0,1081,38,2608,2095
02:33:52,5389,5362,0,1109,49,2606,2086
02:34:52,5590,5562,0,1169,43,2608,2134
02:35:53,5789,5760,0,1199,43,2513,2136
02:36:53,5990,5959,0,1228,42,2425,2073
02:37:54,6190,6158,0,1255,41,2327,2098
02:38:55,6389,6356,0,1284,48,2239,2103
02:39:55,6591,6557,0,1311,47,2149,2100
02:40:56,6793,6758,0,1333,39,2152,2101
02:41:56,6993,6957,0,1363,42,2152,2100
02:42:57,7197,7160,0,1393,46,2154,2103
02:43:58,7397,7359,0,1415,39,2152,2087
02:44:58,7601,7562,0,1437,40,2154,2074
02:45:59,7797,7757,0,1466,44,2060,2095
02:46:59,8000,7959,0,1492,37,2062,2119
02:48:00,8201,8159,0,1514,45,2007,2102
02:49:01,8402,8359,0,1539,43,2010,2101
02:50:01,8599,8554,0,1581,41,2008,2121
02:51:02,8799,8753,0,1605,42,2010,2099
02:52:03,9000,8953,0,1627,44,2005,2061
02:53:03,9201,9153,0,1650,40,2007,2089
02:54:04,9401,9352,0,1674,62,1935,2097
02:55:04,9605,9555,0,1692,43,1937,2065
02:56:05,9805,9755,0,1693,62,1935,2083
02:57:06,10005,9955,0,1694,46,1937,2090
02:58:06,10206,10156,0,1696,45,1935,2110
02:59:07,10408,10358,0,1698,48,1919,2071
03:00:07,10609,10559,0,1698,43,1919,2085
03:01:08,10811,10760,0,1714,46,1921,2107
03:02:09,11012,10960,0,1734,42,1919,2084
03:03:09,11212,11159,0,1757,38,1922,2084
03:04:10,11411,11357,0,1780,44,1916,2076
03:05:10,11611,11556,0,1799,40,1918,2092
03:06:11,11814,11758,0,1822,45,1915,2110
03:07:12,12014,11957,0,1870,41,1918,2083
03:08:12,12216,12157,0,1884,41,1920,2138
03:09:13,12417,12358,0,1884,38,1922,2060
03:10:13,12610,12550,0,1902,46,1917,2045
03:11:14,12809,12748,0,1916,42,1919,2103
03:12:15,13006,12944,0,1931,42,1921,2103
03:13:15,13210,13147,0,1946,45,1923,2106
03:14:16,13409,13345,0,1962,39,1921,2093
03:15:17,13611,13545,0,1992,38,1922,2051
03:16:17,13812,13745,0,2004,40,1935,2088
03:17:18,14011,13943,0,2022,39,1937,2068
03:18:19,14214,14145,0,2040,40,1932,2076
03:19:19,14414,14344,0,2054,42,1934,2076
03:20:20,14615,14544,0,2067,41,1936,2074
03:21:20,14816,14744,0,2083,43,1938,2087
03:22:21,15016,14943,0,2103,41,1935,2121
03:23:22,15215,15141,0,2121,40,1937,2096
03:24:22,15418,15343,0,2143,54,1937,2099
03:25:23,15620,15544,0,2155,45,1923,2078
03:26:24,15817,15740,0,2167,38,1922,2102
03:27:24,16019,15941,0,2179,42,1924,2109
03:28:25,16220,16141,0,2193,51,1934,2141
03:29:26,16419,16339,0,2204,41,1936,2095
03:30:26,16614,16533,0,2219,40,1942,1911
03:31:27,16814,16732,0,2230,43,1944,2101
03:32:28,17014,16931,0,2245,42,1947,2096
03:33:28,17214,17129,0,2269,41,1949,2103
03:34:29,17418,17332,0,2277,79,1948,2112
03:35:29,17617,17530,0,2286,40,1950,2075
03:36:30,17818,17730,0,2298,66,1945,2088
03:37:31,18016,17927,0,2307,40,1946,2080
03:38:31,18214,18124,0,2319,64,1949,2108
03:39:32,18415,18324,0,2332,39,1951,2110
03:40:33,18616,18524,0,2352,76,1935,2082
03:41:33,18813,18720,0,2369,41,1937,2088
03:42:34,19015,18921,0,2380,37,1939,2082
03:43:34,19215,19121,0,2380,40,1937,2098
03:44:35,19415,19319,0,2400,37,1940,2153
03:45:36,19616,19519,0,2411,39,1937,2082
03:46:36,19817,19719,0,2421,63,1935,2081
03:47:37,19995,19845,0,2880,1481,7402,2048
03:48:38,20016,19725,0,3087,1089,7611,403
03:49:38,20016,19616,0,3231,1055,7693,388
03:50:39,20016,19476,0,3347,1056,7697,433
03:51:40,20016,19366,0,3480,1022,7730,300
03:52:40,20016,19216,0,3613,46,7730,502
03:53:41,20016,19079,0,3748,61,7730,521
03:54:41,20016,18955,0,3882,84,7730,421
03:55:42,20016,18816,0,4021,50,7730,467
03:56:42,20016,18674,0,4151,73,7730,520
03:57:43,20016,18543,0,4286,64,7730,389
03:58:44,20016,18416,0,4426,63,7730,398
03:59:44,20016,18272,0,4552,46,7730,409
04:00:45,20016,18165,0,4680,1047,7731,386
04:01:45,20016,18016,0,4819,66,7642,511
04:02:46,20016,17876,0,4946,76,7642,491
04:03:47,20016,17746,0,5086,80,7642,512
04:04:47,20016,17616,0,5224,78,7642,468
04:05:48,20016,17474,0,5351,47,7642,402
04:06:48,20016,17352,0,5483,81,7191,421
04:07:49,20016,17216,0,5617,51,6196,425
04:08:50,20016,17075,0,5751,78,5382,421
04:09:50,20016,16944,0,5883,65,4659,423
04:10:51,20016,16816,0,6018,71,4659,380
04:11:52,20016,16676,0,6150,73,4660,509
04:12:52,20016,16549,0,6283,64,4659,410
04:13:53,20016,16416,0,6418,88,4659,372
04:14:53,20016,16275,0,6550,56,4298,386
04:15:54,20016,16155,0,6684,102,3846,353
04:16:55,20016,16016,0,6820,78,3303,303
04:17:55,20016,15875,0,6950,55,3123,411
04:18:56,20016,15753,0,7081,75,3123,404
04:19:56,20016,15616,0,7217,1005,6347,435
04:20:57,20016,15489,0,7337,77,7656,440
04:21:58,20016,15366,0,7473,72,7656,522
04:22:58,20016,15224,0,7599,67,7656,410
04:23:59,20016,15106,0,7731,95,7657,448
04:25:00,20016,14966,0,7868,51,7657,417
04:26:00,20016,14831,0,7995,91,7657,493
04:27:01,20016,14716,0,8133,87,7668,477
04:28:01,20016,14567,0,8259,50,7656,487
04:29:02,20016,14436,0,8388,82,7656,376
04:30:03,20016,14316,0,8529,59,7666,420
04:31:03,20016,14170,0,8657,80,7113,422
04:32:04,20016,14042,0,8783,57,6209,406
04:33:04,20016,13916,0,8921,75,5034,496
04:34:05,20016,13779,0,9044,57,4582,388
04:35:06,20016,13666,0,9183,84,4581,517
04:36:06,20016,13516,0,9311,76,4581,440
04:37:07,20016,13387,0,9440,44,4581,381
04:38:07,20016,13266,0,9579,81,4581,391
04:39:08,20016,13120,0,9704,53,4219,409
04:40:09,20016,13005,0,9834,941,7400,283
04:41:09,20016,12866,0,9961,67,7666,514
04:42:10,20016,12735,0,10086,63,7667,494
04:43:10,20016,12616,0,10229,69,7666,344
04:44:11,20016,12473,0,10351,72,7666,528
04:45:12,20016,12356,0,10482,66,7666,445
04:46:12,20016,12216,0,10612,48,7666,389
04:47:13,20016,12085,0,10737,90,7667,373
04:48:13,20016,11966,0,10877,54,7666,385
04:49:14,20016,11916,0,10934,63,7666,363
04:50:15,20016,11866,0,10983,37,7665,530
04:51:15,20016,11816,0,11030,50,6852,362
04:52:16,20016,11766,0,11084,46,5768,358
04:53:16,20016,11716,0,11133,50,4683,461
04:54:17,20016,11666,0,11185,66,4502,497
04:55:17,20016,11616,0,11232,43,4502,492
04:56:18,20016,11566,0,11283,40,4502,491
04:57:19,20016,11516,0,11334,47,4502,481
04:58:19,20016,11466,0,11384,43,4502,502
04:59:20,20016,11416,0,11432,69,4140,504
05:00:20,20016,11366,0,11484,1044,7558,459
05:01:21,20016,11316,0,11531,19,11356,1
05:02:21,20016,11266,0,11582,26,11355,35
05:03:22,20016,11216,0,11632,7,11355,321
05:04:23,20016,11166,0,11682,20,11356,171
05:05:23,20016,11116,0,11732,45,11357,1
05:06:24,20016,11066,0,11784,6,11357,1
05:07:24,20016,11016,0,11833,28,11356,80
05:08:25,20016,10966,0,11882,34,11356,1
05:09:26,20016,10916,0,11933,7,11356,133
05:10:26,20016,10866,0,11983,9,11175,1
05:11:27,20016,10816,0,12031,26,9729,1
05:12:27,20016,10766,0,12083,28,8102,1
05:13:28,20016,10716,0,12132,20,6415,59
05:14:28,20016,10666,0,12184,20,6415,1
05:15:29,20016,10616,0,12234,6,6415,166
05:16:30,20016,10566,0,12283,9,6415,1
05:17:30,20016,10516,0,12332,28,6415,104
05:18:31,20016,10466,0,12384,25,6415,170
05:19:31,20016,10416,0,12434,32,5602,1
05:20:32,20016,10366,0,12480,1024,9908,319
05:21:33,20016,10316,0,12533,28,11347,165
05:22:33,20016,10266,0,12582,7,11346,1
05:23:34,20016,10216,0,12635,23,11346,1
05:24:34,20016,10166,0,12683,5,11346,116
05:25:35,20016,10116,0,12734,6,11346,1
05:26:36,20016,10066,0,12781,7,11346,1
05:27:36,20016,10013,0,12832,8,11346,1
05:28:37,20016,9961,0,12882,15,11346,1
05:29:37,20016,9908,0,12932,10,11346,1
05:30:38,20016,9856,0,12982,11,11075,1
05:31:39,20016,9794,0,13030,10,9629,1
05:32:39,20016,9747,0,13084,26,8183,1
05:33:40,20016,9690,0,13134,16,6234,1
05:34:40,20016,9641,0,13187,5,6234,1
05:35:41,20016,9588,0,13236,7,6234,1
05:36:41,20016,9536,0,13285,9,6234,1
05:37:42,20016,9484,0,13343,5,6235,133
05:38:43,20016,9432,0,13392,10,6054,1
05:39:43,20016,9382,0,13442,11,5240,1
05:40:44,20016,9330,0,13495,1025,11361,1
05:41:45,20016,9278,0,13545,6,11361,1
05:42:45,20016,9227,0,13599,5,11360,1
05:43:46,20016,9175,0,13650,9,11360,1
05:44:46,20016,9124,0,13700,9,11360,1
05:45:47,20016,9073,0,13754,9,11360,1
05:46:48,20016,9022,0,13803,18,11360,1
05:47:48,20016,8969,0,13854,7,11360,1
05:48:49,20016,8918,0,13910,8,11360,1
05:49:50,20016,8867,0,13959,6,11360,1
05:50:50,20016,8816,0,14011,9,11089,1
05:51:51,20016,8766,0,14062,57,8920,326
05:52:51,20016,8716,0,14115,40,7202,158
05:53:52,20016,8666,0,14166,66,6571,1
05:54:52,20016,8616,0,14217,39,6571,36
05:55:53,20016,8566,0,14269,60,6570,242
05:56:54,20016,8516,0,14320,81,6570,179
05:57:54,20016,8466,0,14373,35,6570,163
05:58:55,20016,8416,0,14425,31,6209,76
05:59:55,20016,8366,0,14467,1012,7414,173
06:00:56,20016,8316,0,14530,79,11361,378
06:01:57,20016,8266,0,14578,8,11361,1
06:02:57,20016,8216,0,14632,56,11360,318
06:03:58,20016,8166,0,14685,43,11360,171
06:04:59,20016,8116,0,14733,32,11360,185
06:05:59,20016,8066,0,14785,10,11360,154
06:07:00,20016,8016,0,14831,58,11360,238
06:08:00,20016,7966,0,14883,32,11360,39
06:09:01,20016,7916,0,14935,31,11360,283
06:10:02,20016,7866,0,14983,62,11361,186
06:11:02,20016,7816,0,15032,57,10818,1
06:12:03,20016,7766,0,15085,55,9010,141
06:13:03,20016,7716,0,15132,58,7202,1
06:14:04,20016,7666,0,15184,35,6503,70
06:15:04,20016,7616,0,15229,60,6503,1
06:16:05,20016,7566,0,15282,33,6503,195
06:17:06,20016,7516,0,15331,68,6504,1
06:18:06,20016,7466,0,15384,46,6504,467
06:19:07,20016,7416,0,15432,47,5871,520
06:20:07,20016,7366,0,15483,1030,7603,458
06:21:08,20016,7316,0,15533,45,11347,441
06:22:09,20016,7266,0,15582,53,11347,492
06:23:09,20016,7216,0,15632,40,11346,491
06:24:10,20016,7166,0,15681,58,11346,523
06:25:10,20016,7116,0,15730,40,11346,305
06:26:11,20016,7066,0,15782,45,11346,444
06:27:11,20016,7016,0,15832,52,11346,506
06:28:12,20016,6966,0,15881,41,11346,399
06:29:13,20016,6916,0,15932,50,11346,314
06:30:13,20016,6866,0,15985,56,11346,394
06:31:14,20016,6816,0,16033,48,10171,511
06:32:14,20016,6766,0,16083,57,8454,481
06:33:15,20016,6716,0,16132,54,7008,436
06:34:16,20016,6666,0,16183,58,6556,520
06:35:16,20016,6616,0,16233,60,6556,406
06:36:17,20016,6566,0,16282,38,6556,408
06:37:17,20016,6516,0,16333,69,6556,384
06:38:18,20016,6466,0,16381,56,6556,402
06:39:19,20016,6416,0,16434,44,5833,495
06:40:19,20016,6366,0,16483,1048,7544,467
06:41:20,20016,6316,0,16532,56,11344,363
06:42:21,20016,6266,0,16584,37,11344,396
06:43:21,20016,6216,0,16632,19,11346,244
06:44:22,20016,6166,0,16684,6,11344,33
06:45:22,20016,6116,0,16733,24,11344,1
06:46:23,20016,6066,0,16783,27,11344,54
06:47:23,20016,6016,0,16830,16,11344,1
06:48:24,20016,5966,0,16881,38,11344,138
06:49:25,20016,5916,0,16931,29,11344,193
06:50:25,20016,5866,0,16984,10,11344,42
06:51:26,20016,5816,0,17033,12,9988,1
06:52:26,20016,5766,0,17082,23,8181,1
06:53:27,20016,5716,0,17134,48,6554,61
06:54:27,20016,5666,0,17184,38,6228,64
06:55:28,20016,5616,0,17233,5,6229,272
06:56:29,20016,5566,0,17284,7,6229,306
06:57:29,20016,5516,0,17334,21,6229,224
06:58:30,20016,5466,0,17381,6,6229,1
06:59:30,20016,5416,0,17433,7,5506,318
07:00:31,20016,5366,0,17481,1047,11364,1
07:01:31,20016,5316,0,17531,24,11364,1
07:02:32,20016,5266,0,17583,3,11364,182
07:03:33,20016,5216,0,17633,38,11364,368
07:04:33,20016,5166,0,17682,24,11364,1
07:05:34,20016,5116,0,17735,26,11364,45
07:06:34,20016,5066,0,17781,6,11364,243
07:07:35,20016,5016,0,17833,24,11364,91
07:08:36,20016,4966,0,17886,45,11364,1
07:09:36,20016,4913,0,17933,9,11364,1
07:10:37,20016,4858,0,17982,5,11364,1
07:11:37,20016,4809,0,18034,10,9556,1
07:12:38,20016,4756,0,18082,13,7658,1
07:13:39,20016,4696,0,18133,13,6146,1
07:14:39,20016,4645,0,18186,5,6146,129
07:15:40,20016,4591,0,18235,7,6147,1
07:16:40,20016,4540,0,18289,7,6146,1
07:17:41,20016,4490,0,18339,9,6146,1
07:18:42,20016,4437,0,18388,10,6146,1
07:19:42,20016,4386,0,18440,8,5423,1
07:20:43,20016,4334,0,18492,1020,11360,1
07:21:43,20016,4281,0,18545,9,11358,1
07:22:44,20016,4230,0,18595,6,11358,1
07:23:45,20016,4179,0,18646,8,11358,1
07:24:45,20016,4128,0,18695,6,11358,1
07:25:46,20016,4077,0,18749,8,11358,1
07:26:46,20016,4025,0,18801,8,11358,1
07:27:47,20016,3973,0,18854,8,11358,1
07:28:48,20016,3921,0,18903,7,11358,1
07:29:48,20016,3871,0,18956,13,11358,1
07:30:49,20016,3820,0,19007,19,11177,1
07:31:50,20016,3768,0,19057,11,9370,1
07:32:50,20016,3717,0,19108,14,7472,1
07:33:51,20016,3666,0,19158,50,6357,91
07:34:51,20016,3616,0,19212,54,6357,147
07:35:52,20016,3566,0,19265,28,6357,1
07:36:53,20016,3516,0,19315,54,6357,252
07:37:53,20016,3466,0,19368,30,6357,273
07:38:54,20016,3416,0,19420,36,5905,238
07:39:54,20016,3366,0,19468,200,5092,1
07:40:55,20016,3316,0,19521,379,11356,195
07:41:56,20016,3266,0,19576,38,11357,29
07:42:56,20016,3216,0,19625,20,11357,211
07:43:57,20016,3166,0,19677,37,11356,264
07:44:57,20016,3116,0,19730,38,11356,290
07:45:58,20016,3066,0,19781,48,11356,32
07:46:59,20016,3016,0,19833,60,11356,101
07:47:59,20016,2966,0,19883,56,11356,249
07:49:00,20016,2916,0,19934,46,11356,1
07:50:00,20016,2866,0,19982,50,11356,1
07:51:01,20016,2816,0,20034,26,11085,1
07:52:02,20016,2766,0,20080,34,9187,95
07:53:02,20016,2716,0,20132,60,7289,245
07:54:03,20016,2666,0,20183,86,6475,276
07:55:03,20016,2616,0,20231,55,6476,74
07:56:04,20016,2566,0,20281,41,6476,178
07:57:05,20016,2516,0,20333,7,6476,241
07:58:05,20016,2466,0,20381,47,6476,73
07:59:06,20016,2416,0,20433,44,5843,436
08:00:06,20016,2366,0,20481,1044,7494,425
08:01:07,20016,2316,0,20531,36,11350,390
08:02:07,20016,2266,0,20584,39,11350,377
08:03:08,20016,2216,0,20632,77,11351,406
08:04:09,20016,2166,0,20683,58,11350,491
08:05:09,20016,2116,0,20731,40,11350,472
08:06:10,20016,2066,0,20784,55,11350,480
08:07:10,20016,2016,0,20833,38,11350,484
08:08:11,20016,1966,0,20884,44,11350,476
08:09:11,20016,1916,0,20934,40,11350,400
08:10:12,20016,1866,0,20983,47,11350,485
08:11:13,20016,1816,0,21032,49,10356,434
08:12:13,20016,1766,0,21083,61,8548,284
08:13:14,20016,1716,0,21134,48,7012,488
08:14:14,20016,1666,0,21183,68,6510,484
08:15:15,20016,1616,0,21233,54,6510,419
08:16:16,20016,1566,0,21284,61,6510,488
08:17:16,20016,1516,0,21332,38,6510,495
08:18:17,20016,1466,0,21381,61,6510,512
08:19:17,20016,1416,0,21433,59,5967,396
08:20:18,20016,1366,0,21483,1028,7548,358
08:21:19,20016,1316,0,21532,38,11352,477
08:22:19,20016,1266,0,21583,41,11352,257
08:23:20,20016,1216,0,21635,44,11352,474
08:24:20,20016,1166,0,21681,68,11352,369
08:25:21,20016,1116,0,21730,6,11352,305
08:26:21,20016,1066,0,21782,17,11353,174
08:27:22,20016,1016,0,21833,18,11352,235
08:28:23,20016,966,0,21881,3,11352,331
08:29:23,20016,916,0,21933,22,11352,1
08:30:24,20016,866,0,21982,6,11352,34
08:31:24,20016,816,0,22034,12,9996,1
08:32:25,20016,766,0,22082,23,8189,14
08:33:25,20016,716,0,22132,10,6562,1
08:34:26,20016,666,0,22181,19,6238,104
08:35:27,20016,616,0,22234,18,6238,1
08:36:27,20016,566,0,22283,9,6238,232
08:37:28,20016,516,0,22332,16,6239,216
08:38:28,20016,466,0,22381,34,6239,59
08:39:29,20016,416,0,22431,9,5516,188
08:40:30,20016,366,0,22484,1026,10625,86
08:41:30,20016,316,0,22530,40,11356,1
08:42:31,20016,266,0,22581,53,11356,1
08:43:31,20016,216,0,22634,37,11356,154
08:44:32,20016,166,0,22683,35,11356,406
08:45:32,20016,116,0,22734,24,11356,16
08:46:33,20016,66,0,22780,21,11356,128
08:47:34,20016,16,0,22820,40,11356,107
08:48:34,20016,0,0,22819,5,11356,1
